total_profit,Total Units Sold
211000,26375.0
183300,22912.5
224700,28087.5
222700,27837.5
209600,26200.0
201400,25175.0
295500,36937.5
361400,45175.0
234000,29250.0
266700,33337.5
412800,51600.0
300200,37525.0
